-20, -20, -40, 0, 0.04360824016160991, 0.2501415245415828, 0.250141533559434
-20, -10, -40, 0, 0.03739061220737619, 0.1516685542785637, 0.15166856058357
-20, 0, -40, 0, 0.03163960069874948, 0.1063121148210361, 0.1063121190793478
-20, 10, -40, 0, 0.02635518971917386, 0.1140722056667319, 0.1140722084247832
-20, 20, -40, 0, 0.02153736509207378, 0.1749488265166814, 0.1749488282131304
-10, -20, -40, 0, 0.01436033267359859, 0.1516092625840464, 0.1516092636452252
-10, -10, -40, 0, 0.01090176949795908, 0.06253538026214331, 0.06253538082571683
-10, 0, -40, 0, 0.00790975398480793, 0.02657802828717214, 0.02657802855330275
-10, 10, -40, 0, 0.005384277594872809, 0.04373720646092288, 0.04373720656694744
-10, 20, -40, 0, 0.00332533323288993, 0.1140129144262177, 0.1140129144585799
0, -20, -40, 0, 0.0009330378761390419, 0.1062330605940677, 0.10623306060202
0, -10, -40, 0, 0.0002332592925913098, 0.02655826514788845, 0.0265582651483855
0, 0, -40, 0, 0, 0, 0
0, 10, -40, 0, 0.0002332592925913098, 0.02655826514788845, 0.0265582651483855
0, 20, -40, 0, 0.0009330378761390419, 0.1062330605940677, 0.10623306060202
10, -20, -40, 0, 0.00332533323288993, 0.1140129144262177, 0.1140129144585799
10, -10, -40, 0, 0.005384277594872809, 0.04373720646092288, 0.04373720656694744
10, 0, -40, 0, 0.00790975398480793, 0.02657802828717214, 0.02657802855330275
10, 10, -40, 0, 0.01090176949795908, 0.06253538026214331, 0.06253538082571683
10, 20, -40, 0, 0.01436033267359859, 0.1516092625840464, 0.1516092636452252
20, -20, -40, 0, 0.02153736509207378, 0.1749488265166814, 0.1749488282131304
20, -10, -40, 0, 0.02635518971917386, 0.1140722056667319, 0.1140722084247832
20, 0, -40, 0, 0.03163960069874948, 0.1063121148210361, 0.1063121190793478
20, 10, -40, 0, 0.03739061220737619, 0.1516685542785637, 0.15166856058357
20, 20, -40, 0, 0.04360824016160991, 0.2501415245415828, 0.250141533559434
-20, -20, -38, 0, 0.06570152006560662, 0.2503498559866504, 0.2503498747093672
-20, -10, -38, 0, 0.05685300982895088, 0.1518562714888948, 0.1518562848487344
-20, 0, -38, 0, 0.04862882607900994, 0.1064502229475104, 0.1064502321939923
-20, 10, -38, 0, 0.04102893885960199, 0.1141317100186092, 0.114131716189057
-20, 20, -38, 0, 0.03405332136840586, 0.1749007324857967, 0.1749007364252381
-10, -20, -38, 0, 0.02131679024443525, 0.1516499049124522, 0.1516499070462271
-10, -10, -38, 0, 0.01642473478762836, 0.06258746211976704, 0.06258746328980912
-10, 0, -38, 0, 0.01215686775845392, 0.02661255484311489, 0.02661255542097474
-10, 10, -38, 0, 0.008513173388675115, 0.04372518274526746, 0.04372518299146957
-10, 20, -38, 0, 0.005493638108036662, 0.1139253457062458, 0.1139253457901686
0, -20, -38, 0, 0.001248263509227486, 0.1061750704695055, 0.106175070482755
0, -10, -38, 0, 0.0003120655665531555, 0.02654376761616998, 0.02654376761699805
0, 0, -38, 0, 0, 0, 0
0, 10, -38, 0, 0.0003120655665531555, 0.02654376761616998, 0.02654376761699805
0, 20, -38, 0, 0.001248263509227486, 0.1061750704695055, 0.106175070482755
10, -20, -38, 0, 0.005493638108036662, 0.1139253457062458, 0.1139253457901686
10, -10, -38, 0, 0.008513173388675115, 0.04372518274526746, 0.04372518299146957
10, 0, -38, 0, 0.01215686775845392, 0.02661255484311489, 0.02661255542097474
10, 10, -38, 0, 0.01642473478762836, 0.06258746211976704, 0.06258746328980912
10, 20, -38, 0, 0.02131679024443525, 0.1516499049124522, 0.1516499070462271
20, -20, -38, 0, 0.03405332136840586, 0.1749007324857967, 0.1749007364252381
20, -10, -38, 0, 0.04102893885960199, 0.1141317100186092, 0.114131716189057
20, 0, -38, 0, 0.04862882607900994, 0.1064502229475104, 0.1064502321939923
20, 10, -38, 0, 0.05685300982895088, 0.1518562714888948, 0.1518562848487344
20, 20, -38, 0, 0.06570152006560662, 0.2503498559866504, 0.2503498747093672
-20, -20, -36, 0, 0.102238741103972, 0.2505353711820363, 0.2505354119726119
-20, -10, -36, 0, 0.08936073294230651, 0.1520616595773413, 0.1520616893556329
-20, 0, -36, 0, 0.07732750307112933, 0.1066589317971386, 0.1066589529721143
-20, 10, -36, 0, 0.0661389944331698, 0.114327187438523, 0.1143272020367723
-20, 20, -36, 0, 0.05579515452592797, 0.1750664262841699, 0.1750664359832578
-10, -20, -36, 0, 0.03262980810876112, 0.1516739296473984, 0.1516739341300832
-10, -10, -36, 0, 0.0255581815823807, 0.06263383883533281, 0.062633841384324
-10, 0, -36, 0, 0.01933104863311065, 0.02666473091333567, 0.02666473223661109
-10, 10, -36, 0, 0.01394837929008703, 0.0437666056643673, 0.04376660627050865
-10, 20, -36, 0, 0.009410149252819685, 0.1139394629340254, 0.1139394631655157
0, -20, -36, 0, 0.001688758724247479, 0.1061419650787168, 0.1061419651009026
0, -10, -36, 0, 0.0004221891315264421, 0.02653549126754252, 0.02653549126892919
0, 0, -36, 0, 0, 0, 0
0, 10, -36, 0, 0.0004221891315264421, 0.02653549126754252, 0.02653549126892919
0, 20, -36, 0, 0.001688758724247479, 0.1061419650787168, 0.1061419651009026
10, -20, -36, 0, 0.009410149252819685, 0.1139394629340254, 0.1139394631655157
10, -10, -36, 0, 0.01394837929008703, 0.0437666056643673, 0.04376660627050865
10, 0, -36, 0, 0.01933104863311065, 0.02666473091333567, 0.02666473223661109
10, 10, -36, 0, 0.0255581815823807, 0.06263383883533281, 0.062633841384324
10, 20, -36, 0, 0.03262980810876112, 0.1516739296473984, 0.1516739341300832
20, -20, -36, 0, 0.05579515452592797, 0.1750664262841699, 0.1750664359832578
20, -10, -36, 0, 0.0661389944331698, 0.114327187438523, 0.1143272020367723
20, 0, -36, 0, 0.07732750307112933, 0.1066589317971386, 0.1066589529721143
20, 10, -36, 0, 0.08936073294230651, 0.1520616595773413, 0.1520616893556329
20, 20, -36, 0, 0.102238741103972, 0.2505353711820363, 0.2505354119726119
-20, -20, -34, 0, 0.1567180542478913, 0.2505902738501543, 0.2505903633945726
-20, -10, -34, 0, 0.1382787547913452, 0.1522088937891357, 0.1522089605484646
-20, 0, -34, 0, 0.1209621844951311, 0.1068169798802533, 0.1068170285349654
-20, 10, -34, 0, 0.1047682375405614, 0.1144145317466958, 0.1144145662825682
-20, 20, -34, 0, 0.08969681605211662, 0.175001549060441, 0.1750015728249521
-10, -20, -34, 0, 0.04923580302808818, 0.1515803434861267, 0.1515803529966683
-10, -10, -34, 0, 0.03917611899917244, 0.06264755969679242, 0.06264756529193462
-10, 0, -34, 0, 0.03023859665919563, 0.02670424027147405, 0.02670424331182622
-10, 10, -34, 0, 0.02242318046159898, 0.04375038499893187, 0.04375038648401252
-10, 20, -34, 0, 0.01572982330715494, 0.1137859938107522, 0.1137859944352462
0, -20, -34, 0, 0.002243871973212668, 0.1059789276331527, 0.1059789276706265
0, -10, -34, 0, 0.0005609670557917631, 0.02649473190447094, 0.02649473190681302
0, 0, -34, 0, 0, 0, 0
0, 10, -34, 0, 0.0005609670557917631, 0.02649473190447094, 0.02649473190681302
0, 20, -34, 0, 0.002243871973212668, 0.1059789276331527, 0.1059789276706265
10, -20, -34, 0, 0.01572982330715494, 0.1137859938107522, 0.1137859944352462
10, -10, -34, 0, 0.02242318046159898, 0.04375038499893187, 0.04375038648401252
10, 0, -34, 0, 0.03023859665919563, 0.02670424027147405, 0.02670424331182622
10, 10, -34, 0, 0.03917611899917244, 0.06264755969679242, 0.06264756529193462
10, 20, -34, 0, 0.04923580302808818, 0.1515803434861267, 0.1515803529966683
20, -20, -34, 0, 0.08969681605211662, 0.175001549060441, 0.1750015728249521
20, -10, -34, 0, 0.1047682375405614, 0.1144145317466958, 0.1144145662825682
20, 0, -34, 0, 0.1209621844951311, 0.1068169798802533, 0.1068170285349654
20, 10, -34, 0, 0.1382787547913452, 0.1522088937891357, 0.1522089605484646
20, 20, -34, 0, 0.1567180542478913, 0.2505902738501543, 0.2505903633945726
-20, -20, -32, 0, 0.2516066639536459, 0.251067061043179, 0.2510672723521887
-20, -10, -32, 0, 0.2240464557383758, 0.1526179334236348, 0.152618094461255
-20, 0, -32, 0, 0.1980417919433445, 0.10718702516741, 0.1071871455508023
-20, 10, -32, 0, 0.1735924584835592, 0.114774335515602, 0.1147744235384094
-20, 20, -32, 0, 0.1506982542925219, 0.1753798636573432, 0.175379926388878
-10, -20, -32, 0, 0.077835261210632, 0.1517549604220018, 0.1517549820672263
-10, -10, -32, 0, 0.06289315146529646, 0.06276674476160633, 0.06276675796326975
-10, 0, -32, 0, 0.04950534221544416, 0.02679674470396574, 0.02679675222565847
-10, 10, -32, 0, 0.03767172375378115, 0.0438449599459058, 0.043844963865739
-10, 20, -32, 0, 0.02739219959590588, 0.1139113902997952, 0.11391139210919
0, -20, -32, 0, 0.003107629208179146, 0.1060364284686412, 0.1060364285344136
0, -10, -32, 0, 0.0007769055610157116, 0.02650910711046015, 0.02650910711457085
0, 0, -32, 0, 0, 0, 0
0, 10, -32, 0, 0.0007769055610157116, 0.02650910711046015, 0.02650910711457085
0, 20, -32, 0, 0.003107629208179146, 0.1060364284686412, 0.1060364285344136
10, -20, -32, 0, 0.02739219959590588, 0.1139113902997952, 0.11391139210919
10, -10, -32, 0, 0.03767172375378115, 0.0438449599459058, 0.043844963865739
10, 0, -32, 0, 0.04950534221544416, 0.02679674470396574, 0.02679675222565847
10, 10, -32, 0, 0.06289315146529646, 0.06276674476160633, 0.06276675796326975
10, 20, -32, 0, 0.077835261210632, 0.1517549604220018, 0.1517549820672263
20, -20, -32, 0, 0.1506982542925219, 0.1753798636573432, 0.175379926388878
20, -10, -32, 0, 0.1735924584835592, 0.114774335515602, 0.1147744235384094
20, 0, -32, 0, 0.1980417919433445, 0.10718702516741, 0.1071871455508023
20, 10, -32, 0, 0.2240464557383758, 0.1526179334236348, 0.152618094461255
20, 20, -32, 0, 0.2516066639536459, 0.251067061043179, 0.2510672723521887
-20, -20, -30, 0, 0.3989335977864355, 0.2517917565259048, 0.2517922606975037
-20, -10, -30, 0, 0.3582133686042784, 0.1532501169025233, 0.153250508948665
-20, 0, -30, 0, 0.3196246798987036, 0.1077564871633668, 0.1077567870580059
-20, 10, -30, 0, 0.283167107720878, 0.1153108654949506, 0.1153110906631862
-20, 20, -30, 0, 0.2488402542919906, 0.1759132499501948, 0.1759134154447604
-10, -20, -30, 0, 0.1216608561135354, 0.1520046910597392, 0.1520047409844218
-10, -10, -30, 0, 0.09971259052113683, 0.06294789109757941, 0.06294792258827353
-10, 0, -30, 0, 0.07989320602987668, 0.02693909323198669, 0.02693911196595539
-10, 10, -30, 0, 0.06220248519372119, 0.04397829669652193, 0.04397830703588544
-10, 20, -30, 0, 0.04664023622540463, 0.1140655009442955, 0.1140655061113281
0, -20, -30, 0, 0.004255707042025905, 0.1060959984710963, 0.1060959985877117
0, -10, -30, 0, 0.001063923588060045, 0.02652399960670213, 0.0265239996139905
0, 0, -30, 0, 0, 0, 0
0, 10, -30, 0, 0.001063923588060045, 0.02652399960670213, 0.0265239996139905
0, 20, -30, 0, 0.004255707042025905, 0.1060959984710963, 0.1060959985877117
10, -20, -30, 0, 0.04664023622540463, 0.1140655009442955, 0.1140655061113281
10, -10, -30, 0, 0.06220248519372119, 0.04397829669652193, 0.04397830703588544
10, 0, -30, 0, 0.07989320602987668, 0.02693909323198669, 0.02693911196595539
10, 10, -30, 0, 0.09971259052113683, 0.06294789109757941, 0.06294792258827353
10, 20, -30, 0, 0.1216608561135354, 0.1520046910597392, 0.1520047409844218
20, -20, -30, 0, 0.2488402542919906, 0.1759132499501948, 0.1759134154447604
20, -10, -30, 0, 0.283167107720878, 0.1153108654949506, 0.1153110906631862
20, 0, -30, 0, 0.3196246798987036, 0.1077564871633668, 0.1077567870580059
20, 10, -30, 0, 0.3582133686042784, 0.1532501169025233, 0.153250508948665
20, 20, -30, 0, 0.3989335977864355, 0.2517917565259048, 0.2517922606975037
-20, -20, -28, 0, 0.6443724246653236, 0.2528263931215526, 0.2528276431087544
-20, -10, -28, 0, 0.5826744660144485, 0.1541699013325873, 0.1541708915786328
-20, 0, -28, 0, 0.5239983130522979, 0.1085489667220544, 0.1085497400675905
-20, 10, -28, 0, 0.4683431228474265, 0.1159635866729858, 0.1159641811551661
-20, 20, -28, 0, 0.4157080532078599, 0.1764137580120319, 0.1764142068951264
-10, -20, -28, 0, 0.1941302289032373, 0.1523113321340115, 0.1523114520974007
-10, -10, -28, 0, 0.1610398254160018, 0.06320647932924368, 0.0632065573889148
-10, 0, -28, 0, 0.1309652672798359, 0.02713716817324675, 0.02713721646492959
-10, 10, -28, 0, 0.1039060980394297, 0.04410339692615186, 0.04410342496176867
-10, 20, -28, 0, 0.07986191446977781, 0.1141051648468673, 0.1141051798378917
0, -20, -28, 0, 0.006027097020924127, 0.1060710704572987, 0.1060710706721115
0, -10, -28, 0, 0.001506768075443271, 0.02651776759320722, 0.02651776760663286
0, 0, -28, 0, 0, 0, 0
0, 10, -28, 0, 0.001506768075443271, 0.02651776759320722, 0.02651776760663286
0, 20, -28, 0, 0.006027097020924127, 0.1060710704572987, 0.1060710706721115
10, -20, -28, 0, 0.07986191446977781, 0.1141051648468673, 0.1141051798378917
10, -10, -28, 0, 0.1039060980394297, 0.04410339692615186, 0.04410342496176867
10, 0, -28, 0, 0.1309652672798359, 0.02713716817324675, 0.02713721646492959
10, 10, -28, 0, 0.1610398254160018, 0.06320647932924368, 0.0632065573889148
10, 20, -28, 0, 0.1941302289032373, 0.1523113321340115, 0.1523114520974007
20, -20, -28, 0, 0.4157080532078599, 0.1764137580120319, 0.1764142068951264
20, -10, -28, 0, 0.4683431228474265, 0.1159635866729858, 0.1159641811551661
20, 0, -28, 0, 0.5239983130522979, 0.1085489667220544, 0.1085497400675905
20, 10, -28, 0, 0.5826744660144485, 0.1541699013325873, 0.1541708915786328
20, 20, -28, 0, 0.6443724246653236, 0.2528263931215526, 0.2528276431087544
-20, -20, -26, 0, 1.017937032380609, 0.2545703998120528, 0.2545733710842439
-20, -10, -26, 0, 0.9258712576342217, 0.1557171025681753, 0.1557195342136679
-20, 0, -26, 0, 0.8380573153583169, 0.1099460816979659, 0.1099480359854569
-20, 10, -26, 0, 0.7544949401624013, 0.1172573354457359, 0.1172588765749499
-20, 20, -26, 0, 0.6751835971205557, 0.1776508599163818, 0.177652052374898
-10, -20, -26, 0, 0.3035289728570026, 0.1528805333352555, 0.1528808201002728
-10, -10, -26, 0, 0.2543578105389677, 0.06364231148974635, 0.06364250332791278
-10, 0, -26, 0, 0.2094291038002277, 0.02748633516647023, 0.02748645797503154
-10, 10, -26, 0, 0.1687419299152698, 0.04441260259715783, 0.04441267703807694
-10, 20, -26, 0, 0.1322954613436267, 0.1144211117913252, 0.1144211538891881
0, -20, -26, 0, 0.008475031359232603, 0.1061644666617818, 0.1061644670580695
0, -10, -26, 0, 0.002118746074781225, 0.02654111662297954, 0.02654111664774717
0, 0, -26, 0, 0, 0, 0
0, 10, -26, 0, 0.002118746074781225, 0.02654111662297954, 0.02654111664774717
0, 20, -26, 0, 0.008475031359232603, 0.1061644666617818, 0.1061644670580695
10, -20, -26, 0, 0.1322954613436267, 0.1144211117913252, 0.1144211538891881
10, -10, -26, 0, 0.1687419299152698, 0.04441260259715783, 0.04441267703807694
10, 0, -26, 0, 0.2094291038002277, 0.02748633516647023, 0.02748645797503154
10, 10, -26, 0, 0.2543578105389677, 0.06364231148974635, 0.06364250332791278
10, 20, -26, 0, 0.3035289728570026, 0.1528805333352555, 0.1528808201002728
20, -20, -26, 0, 0.6751835971205557, 0.1776508599163818, 0.177652052374898
20, -10, -26, 0, 0.7544949401624013, 0.1172573354457359, 0.1172588765749499
20, 0, -26, 0, 0.8380573153583169, 0.1099460816979659, 0.1099480359854569
20, 10, -26, 0, 0.9258712576342217, 0.1557171025681753, 0.1557195342136679
20, 20, -26, 0, 1.017937032380609, 0.2545703998120528, 0.2545733710842439
-20, -20, -24, 0, 1.56942353475078, 0.2571247562989594, 0.2571309853907836
-20, -10, -24, 0, 1.432388459567426, 0.1580518152672148, 0.1580571461121642
-20, 0, -24, 0, 1.301472152616224, 0.1120618941202666, 0.11206638299403
-20, 10, -24, 0, 1.176674972451468, 0.119154989153286, 0.1191586988429845
-20, 20, -24, 0, 1.057997224331212, 0.1793310958954834, 0.179334096328705
-10, -20, -24, 0, 0.4651119789965838, 0.1536289824189989, 0.1536296699241859
-10, -10, -24, 0, 0.3920883881518157, 0.06428051511812848, 0.06428098506153827
-10, 0, -24, 0, 0.3251746559608388, 0.02801501785746783, 0.02801532666714853
-10, 10, -24, 0, 0.2643688315153474, 0.0448324848681007, 0.04483267819973757
-10, 20, -24, 0, 0.2096691599665285, 0.1147329111884539, 0.1147330250791567
0, -20, -24, 0, 0.01219807514810771, 0.1061658819537667, 0.1061658827146964
0, -10, -24, 0, 0.003049495070154814, 0.02654147040816795, 0.02654147045572512
0, 0, -24, 0, 0, 0, 0
0, 10, -24, 0, 0.003049495070154814, 0.02654147040816795, 0.02654147045572512
0, 20, -24, 0, 0.01219807514810771, 0.1061658819537667, 0.1061658827146964
10, -20, -24, 0, 0.2096691599665285, 0.1147329111884539, 0.1147330250791567
10, -10, -24, 0, 0.2643688315153474, 0.0448324848681007, 0.04483267819973757
10, 0, -24, 0, 0.3251746559608388, 0.02801501785746783, 0.02801532666714853
10, 10, -24, 0, 0.3920883881518157, 0.06428051511812848, 0.06428098506153827
10, 20, -24, 0, 0.4651119789965838, 0.1536289824189989, 0.1536296699241859
20, -20, -24, 0, 1.057997224331212, 0.1793310958954834, 0.179334096328705
20, -10, -24, 0, 1.176674972451468, 0.119154989153286, 0.1191586988429845
20, 0, -24, 0, 1.301472152616224, 0.1120618941202666, 0.11206638299403
20, 10, -24, 0, 1.432388459567426, 0.1580518152672148, 0.1580571461121642
20, 20, -24, 0, 1.56942353475078, 0.2571247562989594, 0.2571309853907836
-20, -20, -22, 0, 2.271804805300746, 0.2609353786532933, 0.2609464907806395
-20, -10, -22, 0, 2.074240763941301, 0.1615336378990487, 0.1615434968968082
-20, 0, -22, 0, 1.885543964077945, 0.115214487537862, 0.1152231250500416
-20, 10, -22, 0, 1.705715227216551, 0.1219779251138717, 0.1219853813010374
-20, 20, -22, 0, 1.534755479784675, 0.1818239477622081, 0.1818302721373371
-10, -20, -22, 0, 0.672809513684719, 0.1547447885550487, 0.1547463694183905
-10, -10, -22, 0, 0.5674863826162081, 0.06523244032387088, 0.06523353568076924
-10, 0, -22, 0, 0.4710281232800654, 0.02880261937177467, 0.02880335097542389
-10, 10, -22, 0, 0.3834307211514903, 0.04545531477795776, 0.04545578200887405
-10, 20, -22, 0, 0.3046905541892972, 0.1151905166679378, 0.1151907988255715
0, -20, -22, 0, 0.01768469384076997, 0.1061649332495601, 0.1061649347536569
0, -10, -22, 0, 0.004421124931403371, 0.02654123316183738, 0.0265412332558406
0, 0, -22, 0, 0, 0, 0
0, 10, -22, 0, 0.004421124931403371, 0.02654123316183738, 0.0265412332558406
0, 20, -22, 0, 0.01768469384076997, 0.1061649332495601, 0.1061649347536569
10, -20, -22, 0, 0.3046905541892972, 0.1151905166679378, 0.1151907988255715
10, -10, -22, 0, 0.3834307211514903, 0.04545531477795776, 0.04545578200887405
10, 0, -22, 0, 0.4710281232800654, 0.02880261937177467, 0.02880335097542389
10, 10, -22, 0, 0.5674863826162081, 0.06523244032387088, 0.06523353568076924
10, 20, -22, 0, 0.672809513684719, 0.1547447885550487, 0.1547463694183905
20, -20, -22, 0, 1.534755479784675, 0.1818239477622081, 0.1818302721373371
20, -10, -22, 0, 1.705715227216551, 0.1219779251138717, 0.1219853813010374
20, 0, -22, 0, 1.885543964077945, 0.115214487537862, 0.1152231250500416
20, 10, -22, 0, 2.074240763941301, 0.1615336378990487, 0.1615434968968082
20, 20, -22, 0, 2.271804805300746, 0.2609353786532933, 0.2609464907806395
-20, -20, -20, 0, 3.005950322014168, 0.2661329477693213, 0.2661500728308384
-20, -10, -20, 0, 2.732005940262932, 0.1663060273113748, 0.1663216356362952
-20, 0, -20, 0, 2.471233945543701, 0.1195597525728459, 0.1195738279709203
-20, 10, -20, 0, 2.223635958064271, 0.1258941237805568, 0.1259066650700368
-20, 20, -20, 0, 1.989213552606896, 0.1853091401276071, 0.1853201597805254
-10, -20, -20, 0, 0.8975636855265006, 0.156253944706204, 0.1562572800255789
-10, -10, -20, 0, 0.750826387640103, 0.06653069204606384, 0.0665330330982865
-10, 0, -20, 0, 0.6172732226066636, 0.02988803183768205, 0.02988960362268721
-10, 10, -20, 0, 0.4968978638697302, 0.04632594169819272, 0.04632695178571505
-10, 20, -20, 0, 0.3896929571189426, 0.1158444005099069, 0.1158450153996861
0, -20, -20, 0, 0.02628314744832133, 0.1061609326097688, 0.1061609356664802
0, -10, -20, 0, 0.006570682939001658, 0.02654023285435504, 0.02654023304539108
0, 0, -20, 0, 0, 0, 0
0, 10, -20, 0, 0.006570682939001658, 0.02654023285435504, 0.02654023304539108
0, 20, -20, 0, 0.02628314744832133, 0.1061609326097688, 0.1061609356664802
10, -20, -20, 0, 0.3896929571189426, 0.1158444005099069, 0.1158450153996861
10, -10, -20, 0, 0.4968978638697302, 0.04632594169819272, 0.04632695178571505
10, 0, -20, 0, 0.6172732226066636, 0.02988803183768205, 0.02988960362268721
10, 10, -20, 0, 0.750826387640103, 0.06653069204606384, 0.0665330330982865
10, 20, -20, 0, 0.8975636855265006, 0.156253944706204, 0.1562572800255789
20, -20, -20, 0, 1.989213552606896, 0.1853091401276071, 0.1853201597805254
20, -10, -20, 0, 2.223635958064271, 0.1258941237805568, 0.1259066650700368
20, 0, -20, 0, 2.471233945543701, 0.1195597525728459, 0.1195738279709203
20, 10, -20, 0, 2.732005940262932, 0.1663060273113748, 0.1663216356362952
20, 20, -20, 0, 3.005950322014168, 0.2661329477693213, 0.2661500728308384
-20, -20, -18, 0, 3.504064423573312, 0.2728843842915777, 0.2729075894813018
-20, -10, -18, 0, 3.144094067932938, 0.1722868379484786, 0.1723084324409227
-20, 0, -18, 0, 2.804160916139013, 0.1248855606526265, 0.1249054471282213
-20, 10, -18, 0, 2.484267477871919, 0.1306805571587058, 0.1306986616136697
-20, 20, -18, 0, 2.18441615359629, 0.1896718309073388, 0.1896881040771024
-10, -20, -18, 0, 1.070174975908457, 0.1584121673035743, 0.1584182380610086
-10, -10, -18, 0, 0.8752589380690116, 0.06821709890725236, 0.0682214992144287
-10, 0, -18, 0, 0.7004047500464805, 0.03121828405272244, 0.03122124611053008
-10, 10, -18, 0, 0.5456107166079134, 0.04741569127292696, 0.04741757414754777
-10, 20, -18, 0, 0.4108648268801965, 0.1168092815007361, 0.116810413448454
0, -20, -18, 0, 0.0399952919727696, 0.1063920387029358, 0.1063920452194262
0, -10, -18, 0, 0.009998590145862544, 0.02659800905391701, 0.02659800946117124
0, 0, -18, 0, 0, 0, 0
0, 10, -18, 0, 0.009998590145862544, 0.02659800905391701, 0.02659800946117124
0, 20, -18, 0, 0.0399952919727696, 0.1063920387029358, 0.1063920452194262
10, -20, -18, 0, 0.4108648268801965, 0.1168092815007361, 0.116810413448454
10, -10, -18, 0, 0.5456107166079134, 0.04741569127292696, 0.04741757414754777
10, 0, -18, 0, 0.7004047500464805, 0.03121828405272244, 0.03122124611053008
10, 10, -18, 0, 0.8752589380690116, 0.06821709890725236, 0.0682214992144287
10, 20, -18, 0, 1.070174975908457, 0.1584121673035743, 0.1584182380610086
20, -20, -18, 0, 2.18441615359629, 0.1896718309073388, 0.1896881040771024
20, -10, -18, 0, 2.484267477871919, 0.1306805571587058, 0.1306986616136697
20, 0, -18, 0, 2.804160916139013, 0.1248855606526265, 0.1249054471282213
20, 10, -18, 0, 3.144094067932938, 0.1722868379484786, 0.1723084324409227
20, 20, -18, 0, 3.504064423573312, 0.2728843842915777, 0.2729075894813018
-20, -20, -16, 0, 3.541321419433947, 0.279919075043039, 0.2799472314800877
-20, -10, -16, 0, 3.094644773572512, 0.1785759601290905, 0.1786025582761829
-20, 0, -16, 0, 2.678668835461385, 0.1304747527291562, 0.1304995921837331
-20, 10, -16, 0, 2.293397545819837, 0.135615463528107, 0.1356383808983313
-20, 20, -16, 0, 1.938834030485056, 0.1939981013326884, 0.1940189718021201
-10, -20, -16, 0, 1.130905407062997, 0.1605762041766838, 0.160585560607752
-10, -10, -16, 0, 0.8846207001379259, 0.06997429025395037, 0.06998129333005765
-10, 0, -16, 0, 0.6690677996197044, 0.03261432464542712, 0.0326190982568183
-10, 10, -16, 0, 0.4842508977513516, 0.04849628057293855, 0.04849924528879682
-10, 20, -16, 0, 0.3301548015230919, 0.1176200909145538, 0.1176218192016725
0, -20, -16, 0, 0.06128680928337953, 0.1064831309286663, 0.1064831450415683
0, -10, -16, 0, 0.01532117194789555, 0.02662078139462286, 0.02662078227659245
0, 0, -16, 0, 0, 0, 0
0, 10, -16, 0, 0.01532117194789555, 0.02662078139462286, 0.02662078227659245
0, 20, -16, 0, 0.06128680928337953, 0.1064831309286663, 0.1064831450415683
10, -20, -16, 0, 0.3301548015230919, 0.1176200909145538, 0.1176218192016725
10, -10, -16, 0, 0.4842508977513516, 0.04849628057293855, 0.04849924528879682
10, 0, -16, 0, 0.6690677996197044, 0.03261432464542712, 0.0326190982568183
10, 10, -16, 0, 0.8846207001379259, 0.06997429025395037, 0.06998129333005765
10, 20, -16, 0, 1.130905407062997, 0.1605762041766838, 0.160585560607752
20, -20, -16, 0, 1.938834030485056, 0.1939981013326884, 0.1940189718021201
20, -10, -16, 0, 2.293397545819837, 0.135615463528107, 0.1356383808983313
20, 0, -16, 0, 2.678668835461385, 0.1304747527291562, 0.1304995921837331
20, 10, -16, 0, 3.094644773572512, 0.1785759601290905, 0.1786025582761829
20, 20, -16, 0, 3.541321419433947, 0.279919075043039, 0.2799472314800877
-20, -20, -14, 0, 3.034392366895818, 0.2865242597867238, 0.2865558632913725
-20, -10, -14, 0, 2.499786675869656, 0.1842015927246048, 0.1842317698221114
-20, 0, -14, 0, 2.013663277021032, 0.1352006471048535, 0.1352290154097519
-20, 10, -14, 0, 1.576030185082294, 0.1395214451920215, 0.1395477005935818
-20, 20, -14, 0, 1.186893481232726, 0.1971640047949577, 0.1971879269611445
-10, -20, -14, 0, 1.061638423804539, 0.1627757186313068, 0.1627883600211712
-10, -10, -14, 0, 0.7580506239438382, 0.07162431944013323, 0.07163395640181128
-10, 0, -14, 0, 0.5029823912255543, 0.03379475170832699, 0.03380132772648434
-10, 10, -14, 0, 0.2964403999535115, 0.04928699932823683, 0.04929092459475647
-10, 20, -14, 0, 0.1383974323555725, 0.118100954621754, 0.1181031160805262
0, -20, -14, 0, 0.0967879657218019, 0.106642471326665, 0.1066425037309532
0, -10, -14, 0, 0.02419570648817078, 0.02666061478683232, 0.02666061681179604
0, 0, -14, 0, 0, 0, 0
0, 10, -14, 0, 0.02419570648817078, 0.02666061478683232, 0.02666061681179604
0, 20, -14, 0, 0.0967879657218019, 0.106642471326665, 0.1066425037309532
10, -20, -14, 0, 0.1383974323555725, 0.118100954621754, 0.1181031160805262
10, -10, -14, 0, 0.2964403999535115, 0.04928699932823683, 0.04929092459475647
10, 0, -14, 0, 0.5029823912255543, 0.03379475170832699, 0.03380132772648434
10, 10, -14, 0, 0.7580506239438382, 0.07162431944013323, 0.07163395640181128
10, 20, -14, 0, 1.061638423804539, 0.1627757186313068, 0.1627883600211712
20, -20, -14, 0, 1.186893481232726, 0.1971640047949577, 0.1971879269611445
20, -10, -14, 0, 1.576030185082294, 0.1395214451920215, 0.1395477005935818
20, 0, -14, 0, 2.013663277021032, 0.1352006471048535, 0.1352290154097519
20, 10, -14, 0, 2.499786675869656, 0.1842015927246048, 0.1842317698221114
20, 20, -14, 0, 3.034392366895818, 0.2865242597867238, 0.2865558632913725
-20, -20, -12, 0, 2.121854009731584, 0.2914478995939703, 0.2914814089201445
-20, -10, -12, 0, 1.501854434382308, 0.1880185601155165, 0.1880507758960203
-20, 0, -12, 0, 0.9591361712141804, 0.1380199295186871, 0.1380501935522098
-20, 10, -12, 0, 0.4937132084787073, 0.1414520517003935, 0.1414798593501198
-20, 20, -12, 0, 0.1055941981630327, 0.198314959324205, 0.1983399740092132
-10, -20, -12, 0, 0.8979774248503157, 0.1646406689506632, 0.1646559764780313
-10, -10, -12, 0, 0.5301179213187709, 0.07285436646764046, 0.07286604893658093
-10, 0, -12, 0, 0.2395840769498129, 0.03449896240986378, 0.03450673275105094
-10, 10, -12, 0, 0.02637442983681035, 0.04957444912850013, 0.0495787852766381
-10, 20, -12, 0, -0.1095753822575977, 0.1180806323514654, 0.1180828229309856
0, -20, -12, 0, 0.1542789603959737, 0.1068599963680483, 0.1068600731511574
0, -10, -12, 0, 0.03856657574885365, 0.02671499181171482, 0.02671499660951003
0, 0, -12, 0, 0, 0, 0
0, 10, -12, 0, 0.03856657574885365, 0.02671499181171482, 0.02671499660951003
0, 20, -12, 0, 0.1542789603959737, 0.1068599963680483, 0.1068600731511574
10, -20, -12, 0, -0.1095753822575977, 0.1180806323514654, 0.1180828229309856
10, -10, -12, 0, 0.02637442983681035, 0.04957444912850013, 0.0495787852766381
10, 0, -12, 0, 0.2395840769498129, 0.03449896240986378, 0.03450673275105094
10, 10, -12, 0, 0.5301179213187709, 0.07285436646764046, 0.07286604893658093
10, 20, -12, 0, 0.8979774248503157, 0.1646406689506632, 0.1646559764780313
20, -20, -12, 0, 0.1055941981630327, 0.198314959324205, 0.1983399740092132
20, -10, -12, 0, 0.4937132084787073, 0.1414520517003935, 0.1414798593501198
20, 0, -12, 0, 0.9591361712141804, 0.1380199295186871, 0.1380501935522098
20, 10, -12, 0, 1.501854434382308, 0.1880185601155165, 0.1880507758960203
20, 20, -12, 0, 2.121854009731584, 0.2914478995939703, 0.2914814089201445
-20, -20, -10, 0, 0.9937690393451911, 0.2945304145195321, 0.2945647687980578
-20, -10, -10, 0, 0.2902549212731677, 0.1897195095519344, 0.1897525283646094
-20, 0, -10, 0, -0.288027465800317, 0.1385849117243022, 0.1386155683847336
-20, 10, -10, 0, -0.7410578789368609, 0.1411266998546592, 0.141154273903877
-20, 20, -10, 0, -1.068826307495228, 0.1973449249603513, 0.1973689702014094
-10, -20, -10, 0, 0.6938155280761649, 0.1662855369862937, 0.1663027918842125
-10, -10, -10, 0, 0.2482917803126629, 0.07362450868642867, 0.07363741120165285
-10, 0, -10, 0, -0.07194769236727498, 0.03464007423611273, 0.03464811296329971
-10, 10, -10, 0, -0.2669504932844102, 0.04933218623997492, 0.04933620803225475
-10, 20, -10, 0, -0.336856437030934, 0.117700449122593, 0.1177022459729492
0, -20, -10, 0, 0.2499910150677821, 0.107350445884448, 0.1073506356784699
0, -10, -10, 0, 0.062489694600092, 0.02683759351114682, 0.02683760536872724
0, 0, -10, 0, 0, 0, 0
0, 10, -10, 0, 0.062489694600092, 0.02683759351114682, 0.02683760536872724
0, 20, -10, 0, 0.2499910150677821, 0.107350445884448, 0.1073506356784699
10, -20, -10, 0, -0.336856437030934, 0.117700449122593, 0.1177022459729492
10, -10, -10, 0, -0.2669504932844102, 0.04933218623997492, 0.04933620803225475
10, 0, -10, 0, -0.07194769236727498, 0.03464007423611273, 0.03464811296329971
10, 10, -10, 0, 0.2482917803126629, 0.07362450868642867, 0.07363741120165285
10, 20, -10, 0, 0.6938155280761649, 0.1662855369862937, 0.1663027918842125
20, -20, -10, 0, -1.068826307495228, 0.1973449249603513, 0.1973689702014094
20, -10, -10, 0, -0.7410578789368609, 0.1411266998546592, 0.141154273903877
20, 0, -10, 0, -0.288027465800317, 0.1385849117243022, 0.1386155683847336
20, 10, -10, 0, 0.2902549212731677, 0.1897195095519344, 0.1897525283646094
20, 20, -10, 0, 0.9937690393451911, 0.2945304145195321, 0.2945647687980578
-20, -20, -8, 0, -0.09378026807223001, 0.2951996505397788, 0.2952342231789059
-20, -10, -8, 0, -0.8856764926449579, 0.1890542584735733, 0.1890870517303322
-20, 0, -8, 0, -1.47345370714968, 0.1368316434858833, 0.1368612074752789
-20, 10, -8, 0, -1.857086669827866, 0.138531929842546, 0.1385573833595473
-20, 20, -8, 0, -2.036568732193374, 0.1941551897898141, 0.1941760046325566
-10, -20, -8, 0, 0.5253550998843882, 0.1673044129056441, 0.1673230002675931
-10, -10, -8, 0, -0.02343947256037679, 0.07379167826839386, 0.07380493131113258
-10, 0, -8, 0, -0.3680573576583675, 0.03420211906324724, 0.03420942258236539
-10, 10, -8, 0, -0.5086720233189646, 0.04853548790485125, 0.0485385999600125
-10, 20, -8, 0, -0.4455420164066934, 0.1167909984814574, 0.1167921767910771
0, -20, -8, 0, 0.407454215521092, 0.1078421639011686, 0.1078426422540906
0, -10, -8, 0, 0.1018424444873561, 0.02696049595761126, 0.02696052583557692
0, 0, -8, 0, 0, 0, 0
0, 10, -8, 0, 0.1018424444873561, 0.02696049595761126, 0.02696052583557692
0, 20, -8, 0, 0.407454215521092, 0.1078421639011686, 0.1078426422540906
10, -20, -8, 0, -0.4455420164066934, 0.1167909984814574, 0.1167921767910771
10, -10, -8, 0, -0.5086720233189646, 0.04853548790485125, 0.0485385999600125
10, 0, -8, 0, -0.3680573576583675, 0.03420211906324724, 0.03420942258236539
10, 10, -8, 0, -0.02343947256037679, 0.07379167826839386, 0.07380493131113258
10, 20, -8, 0, 0.5253550998843882, 0.1673044129056441, 0.1673230002675931
20, -20, -8, 0, -2.036568732193374, 0.1941551897898141, 0.1941760046325566
20, -10, -8, 0, -1.857086669827866, 0.138531929842546, 0.1385573833595473
20, 0, -8, 0, -1.47345370714968, 0.1368316434858833, 0.1368612074752789
20, 10, -8, 0, -0.8856764926449579, 0.1890542584735733, 0.1890870517303322
20, 20, -8, 0, -0.09378026807223001, 0.2951996505397788, 0.2952342231789059
-20, -20, -6, 0, -0.956334410895054, 0.2939369176120185, 0.2939713309999838
-20, -10, -6, 0, -1.843923168030172, 0.1861610492386946, 0.1861925919740933
-20, 0, -6, 0, -2.400535523801015, 0.132820065331445, 0.1328469038858608
-20, 10, -6, 0, -2.62614136149176, 0.1339141450746149, 0.13393527907009
-20, 20, -6, 0, -2.520950280591213, 0.1894432198866467, 0.1894587835524359
-10, -20, -6, 0, 0.4527200126977491, 0.1681876067171661, 0.1682071421896582
-10, -10, -6, 0, -0.2389507696230673, 0.0734761518994279, 0.07348899334466316
-10, 0, -6, 0, -0.5996077574493893, 0.03320007879774927, 0.03320581206250066
-10, 10, -6, 0, -0.629691977051381, 0.04735854293181641, 0.0473604821157682
-10, 20, -6, 0, -0.3295734519586452, 0.1159501232869862, 0.1159507147583267
0, -20, -6, 0, 0.6607274940735192, 0.1088643851764767, 0.108865617175358
0, -10, -6, 0, 0.1651277180059801, 0.02721598042982184, 0.02721605736243459
0, 0, -6, 0, 0, 0, 0
0, 10, -6, 0, 0.1651277180059801, 0.02721598042982184, 0.02721605736243459
0, 20, -6, 0, 0.6607274940735192, 0.1088643851764767, 0.108865617175358
10, -20, -6, 0, -0.3295734519586452, 0.1159501232869862, 0.1159507147583267
10, -10, -6, 0, -0.629691977051381, 0.04735854293181641, 0.0473604821157682
10, 0, -6, 0, -0.5996077574493893, 0.03320007879774927, 0.03320581206250066
10, 10, -6, 0, -0.2389507696230673, 0.0734761518994279, 0.07348899334466316
10, 20, -6, 0, 0.4527200126977491, 0.1681876067171661, 0.1682071421896582
20, -20, -6, 0, -2.520950280591213, 0.1894432198866467, 0.1894587835524359
20, -10, -6, 0, -2.62614136149176, 0.1339141450746149, 0.13393527907009
20, 0, -6, 0, -2.400535523801015, 0.132820065331445, 0.1328469038858608
20, 10, -6, 0, -1.843923168030172, 0.1861610492386946, 0.1861925919740933
20, 20, -6, 0, -0.956334410895054, 0.2939369176120185, 0.2939713309999838
-20, -20, -4, 0, -1.215943370362435, 0.2917257205998358, 0.2917597225841577
-20, -10, -4, 0, -2.271697314247931, 0.1820050914526194, 0.1820344541763504
-20, 0, -4, 0, -2.801618420498718, 0.1275810722819103, 0.1276036185120981
-20, 10, -4, 0, -2.805784621479462, 0.1284538346549486, 0.1284689950250213
-20, 20, -4, 0, -2.284987529959057, 0.1846223511150627, 0.1846320065370136
-10, -20, -4, 0, 0.6179586142293262, 0.1692529740100506, 0.1692734367181048
-10, -10, -4, 0, -0.3038121043236722, 0.07292368105800534, 0.07293567050922381
-10, 0, -4, 0, -0.6997708570247622, 0.03189152098903937, 0.03189536205634343
-10, 10, -4, 0, -0.5707908092540347, 0.04615435535233706, 0.04615529054431305
-10, 20, -4, 0, 0.08275521008252242, 0.1157099892113812, 0.115710345065672
0, -20, -4, 0, 1.04989779701908, 0.1105848564484879, 0.1105878912693463
0, -10, -4, 0, 0.2623423221222168, 0.02764591993491264, 0.0276461164397895
0, 0, -4, 0, 0, 0, 0
0, 10, -4, 0, 0.2623423221222168, 0.02764591993491264, 0.0276461164397895
0, 20, -4, 0, 1.04989779701908, 0.1105848564484879, 0.1105878912693463
10, -20, -4, 0, 0.08275521008252242, 0.1157099892113812, 0.115710345065672
10, -10, -4, 0, -0.5707908092540347, 0.04615435535233706, 0.04615529054431305
10, 0, -4, 0, -0.6997708570247622, 0.03189152098903937, 0.03189536205634343
10, 10, -4, 0, -0.3038121043236722, 0.07292368105800534, 0.07293567050922381
10, 20, -4, 0, 0.6179586142293262, 0.1692529740100506, 0.1692734367181048
20, -20, -4, 0, -2.284987529959057, 0.1846223511150627, 0.1846320065370136
20, -10, -4, 0, -2.805784621479462, 0.1284538346549486, 0.1284689950250213
20, 0, -4, 0, -2.801618420498718, 0.1275810722819103, 0.1276036185120981
20, 10, -4, 0, -2.271697314247931, 0.1820050914526194, 0.1820344541763504
20, 20, -4, 0, -1.215943370362435, 0.2917257205998358, 0.2917597225841577
-20, -20, -2, 0, -0.8319631748390876, 0.2894921367283531, 0.2895256651268071
-20, -10, -2, 0, -2.154027829502119, 0.1774225793040099, 0.1774491827192659
-20, 0, -2, 0, -2.682003582402823, 0.1219664461837601, 0.1219834689451325
-20, 10, -2, 0, -2.41644710506178, 0.123123347071513, 0.1231323319056732
-20, 20, -2, 0, -1.358683075881904, 0.180890075097637, 0.1808947408802938
-10, -20, -2, 0, 1.048126546160795, 0.170855890418665, 0.1708777079857471
-10, -10, -2, 0, -0.2078700820651843, 0.07236560991321764, 0.07237677021321029
-10, 0, -2, 0, -0.669903520128613, 0.03048913160897036, 0.03049133035691288
-10, 10, -2, 0, -0.3394133316937398, 0.04522201535944495, 0.04522235330317266
-10, 20, -2, 0, 0.7835410701615446, 0.1165615745043448, 0.1165627255068449
0, -20, -2, 0, 1.585854558921643, 0.1132143986124374, 0.1132207771757677
0, -10, -2, 0, 0.3961922648957566, 0.02830291131849914, 0.0283033928879747
0, 0, -2, 0, 0, 0, 0
0, 10, -2, 0, 0.3961922648957566, 0.02830291131849914, 0.0283033928879747
0, 20, -2, 0, 1.585854558921643, 0.1132143986124374, 0.1132207771757677
10, -20, -2, 0, 0.7835410701615446, 0.1165615745043448, 0.1165627255068449
10, -10, -2, 0, -0.3394133316937398, 0.04522201535944495, 0.04522235330317266
10, 0, -2, 0, -0.669903520128613, 0.03048913160897036, 0.03049133035691288
10, 10, -2, 0, -0.2078700820651843, 0.07236560991321764, 0.07237677021321029
10, 20, -2, 0, 1.048126546160795, 0.170855890418665, 0.1708777079857471
20, -20, -2, 0, -1.358683075881904, 0.180890075097637, 0.1808947408802938
20, -10, -2, 0, -2.41644710506178, 0.123123347071513, 0.1231323319056732
20, 0, -2, 0, -2.682003582402823, 0.1219664461837601, 0.1219834689451325
20, 10, -2, 0, -2.154027829502119, 0.1774225793040099, 0.1774491827192659
20, 20, -2, 0, -0.8319631748390876, 0.2894921367283531, 0.2895256651268071
-20, -20, 0, 0, -0.03265984013538808, 0.2885222474288431, 0.2885555293428518
-20, -10, 0, 0, -1.658742765645095, 0.1735269683884059, 0.1735508211156057
-20, 0, 0, 0, -2.194814567489724, 0.1170177797692306, 0.1170289992882075
-20, 10, 0, 0, -1.642285398253635, 0.1189923577409457, 0.1189963751541413
-20, 20, 0, 0, -0.002320614734936055, 0.1794448375417884, 0.1794472938577027
-10, -20, 0, 0, 1.621721617185179, 0.1734796469922711, 0.1735034996650726
-10, -10, 0, 0, -0.00815496994086898, 0.07212329663818101, 0.07213406644372471
-10, 0, 0, 0, -0.5482542448437747, 0.02925304009432422, 0.02925412615641155
-10, 10, 0, 0, -0.0005789213525760527, 0.04486097710093698, 0.04486112560986403
-10, 20, 0, 0, 1.635597328554422, 0.1189450473726355, 0.1189490545323113
0, -20, 0, 0, 2.177339904510374, 0.1169546919639579, 0.1169658995529621
0, -10, 0, 0, 0.543892841807215, 0.02923727423366934, 0.02923835482605863
0, 0, 0, 0, 0, 0, 0
0, 10, 0, 0, 0.543892841807215, 0.02923727423366934, 0.02923835482605863
0, 20, 0, 0, 2.177339904510374, 0.1169546919639579, 0.1169658995529621
10, -20, 0, 0, 1.635597328554422, 0.1189450473726355, 0.1189490545323113
10, -10, 0, 0, -0.0005789213525760527, 0.04486097710093698, 0.04486112560986403
10, 0, 0, 0, -0.5482542448437747, 0.02925304009432422, 0.02925412615641155
10, 10, 0, 0, -0.00815496994086898, 0.07212329663818101, 0.07213406644372471
10, 20, 0, 0, 1.621721617185179, 0.1734796469922711, 0.1735034996650726
20, -20, 0, 0, -0.002320614734936055, 0.1794448375417884, 0.1794472938577027
20, -10, 0, 0, -1.642285398253635, 0.1189923577409457, 0.1189963751541413
20, 0, 0, 0, -2.194814567489724, 0.1170177797692306, 0.1170289992882075
20, 10, 0, 0, -1.658742765645095, 0.1735269683884059, 0.1735508211156057
20, 20, 0, 0, -0.03265984013538808, 0.2885222474288431, 0.2885555293428518
-20, -20, 2, 0, 0.8495803733000134, 0.2896589639246018, 0.2896925022634142
-20, -10, 2, 0, -1.042071872055914, 0.1709347985705099, 0.170956634248672
-20, 0, 2, 0, -1.585843306080458, 0.1132526724131357, 0.1132590622198585
-20, 10, 2, 0, -0.7840563245321747, 0.1166064779129897, 0.1166076354253312
-20, 20, 2, 0, 1.363152608489308, 0.1809889002692405, 0.1809935917171726
-10, -20, 2, 0, 2.168345909974334, 0.177543698088282, 0.1775703174011176
-10, -10, 2, 0, 0.2122697644879827, 0.07240730825137073, 0.07241848444411697
-10, 0, 2, 0, -0.3961883022870754, 0.02831247639622984, 0.02831295911541961
-10, 10, 2, 0, 0.3405278685779933, 0.04524671430142358, 0.04524705414744336
-10, 20, 2, 0, 2.424186309655322, 0.1232104824933692, 0.1232194773928486
0, -20, 2, 0, 2.693027726420244, 0.1220609978328485, 0.1220780323510627
0, -10, 2, 0, 0.6726546652980829, 0.03051276376446071, 0.03051496891823297
0, 0, 2, 0, 0, 0, 0
0, 10, 2, 0, 0.6726546652980829, 0.03051276376446071, 0.03051496891823297
0, 20, 2, 0, 2.693027726420244, 0.1220609978328485, 0.1220780323510627
10, -20, 2, 0, 2.424186309655322, 0.1232104824933692, 0.1232194773928486
10, -10, 2, 0, 0.3405278685779933, 0.04524671430142358, 0.04524705414744336
10, 0, 2, 0, -0.3961883022870754, 0.02831247639622984, 0.02831295911541961
10, 10, 2, 0, 0.2122697644879827, 0.07240730825137073, 0.07241848444411697
10, 20, 2, 0, 2.168345909974334, 0.177543698088282, 0.1775703174011176
20, -20, 2, 0, 1.363152608489308, 0.1809889002692405, 0.1809935917171726
20, -10, 2, 0, -0.7840563245321747, 0.1166064779129897, 0.1166076354253312
20, 0, 2, 0, -1.585843306080458, 0.1132526724131357, 0.1132590622198585
20, 10, 2, 0, -1.042071872055914, 0.1709347985705099, 0.170956634248672
20, 20, 2, 0, 0.8495803733000134, 0.2896589639246018, 0.2896925022634142
-20, -20, 4, 0, 1.194978921424686, 0.2916534493426999, 0.2916874515636008
-20, -10, 4, 0, -0.6255714855235816, 0.169241885014644, 0.1692623403217281
-20, 0, 4, 0, -1.05097653399856, 0.1105855089071347, 0.1105885444876459
-20, 10, 4, 0, -0.08410779508418438, 0.1156729476288674, 0.1156733019019302
-20, 20, 4, 0, 2.276555381317922, 0.1844981705079776, 0.1845078197811774
-10, -20, 4, 0, 2.254677620850301, 0.1819193519636249, 0.1819487113109238
-10, -10, 4, 0, 0.2985782757486184, 0.07290561433787544, 0.07291759747595997
-10, 0, 4, 0, -0.2626111598954097, 0.02764608244718794, 0.0276462791012008
-10, 10, 4, 0, 0.568685710518412, 0.04612331364945441, 0.04612424530851782
-10, 20, 4, 0, 2.795030987202756, 0.1283421436619789, 0.1283572962197143
0, -20, 4, 0, 2.788002857851448, 0.1274821906775136, 0.1275047303575205
0, -10, 4, 0, 0.6963731666636107, 0.0318668034664867, 0.03187063626711705
0, 0, 4, 0, 0, 0, 0
0, 10, 4, 0, 0.6963731666636107, 0.0318668034664867, 0.03187063626711705
0, 20, 4, 0, 2.788002857851448, 0.1274821906775136, 0.1275047303575205
10, -20, 4, 0, 2.795030987202756, 0.1283421436619789, 0.1283572962197143
10, -10, 4, 0, 0.568685710518412, 0.04612331364945441, 0.04612424530851782
10, 0, 4, 0, -0.2626111598954097, 0.02764608244718794, 0.0276462791012008
10, 10, 4, 0, 0.2985782757486184, 0.07290561433787544, 0.07291759747595997
10, 20, 4, 0, 2.254677620850301, 0.1819193519636249, 0.1819487113109238
20, -20, 4, 0, 2.276555381317922, 0.1844981705079776, 0.1845078197811774
20, -10, 4, 0, -0.08410779508418438, 0.1156729476288674, 0.1156733019019302
20, 0, 4, 0, -1.05097653399856, 0.1105855089071347, 0.1105885444876459
20, 10, 4, 0, -0.6255714855235816, 0.169241885014644, 0.1692623403217281
20, 20, 4, 0, 1.194978921424686, 0.2916534493426999, 0.2916874515636008
-20, -20, 6, 0, 0.9737467013457466, 0.294156906158185, 0.2941913084369204
-20, -10, 6, 0, -0.4424456222834129, 0.1682680640788958, 0.1682875794574255
-20, 0, 6, 0, -0.6556727537209997, 0.1088793556691009, 0.1088805792151976
-20, 10, 6, 0, 0.331344683002633, 0.1159736420559761, 0.1159742343758029
-20, 20, 6, 0, 2.521350910161641, 0.1895493595004773, 0.1895649139117144
-10, -20, 6, 0, 1.853280594622216, 0.1863413506679736, 0.1863728756108294
-10, -10, 6, 0, 0.2432986275906592, 0.07353115388129292, 0.0735439782120025
-10, 0, 6, 0, -0.1638653639193289, 0.02721972327492517, 0.02721979967615151
-10, 10, 6, 0, 0.6297942153778749, 0.04738507455764172, 0.04738701441739038
-10, 20, 6, 0, 2.626991933781107, 0.1340375198199823, 0.1340586425514636
0, -20, 6, 0, 2.404372009300059, 0.1329681629320414, 0.1329949860936415
0, -10, 6, 0, 0.6005658971663082, 0.03323710664358873, 0.0332428352397644
0, 0, 6, 0, 0, 0, 0
0, 10, 6, 0, 0.6005658971663082, 0.03323710664358873, 0.0332428352397644
0, 20, 6, 0, 2.404372009300059, 0.1329681629320414, 0.1329949860936415
10, -20, 6, 0, 2.626991933781107, 0.1340375198199823, 0.1340586425514636
10, -10, 6, 0, 0.6297942153778749, 0.04738507455764172, 0.04738701441739038
10, 0, 6, 0, -0.1638653639193289, 0.02721972327492517, 0.02721979967615151
10, 10, 6, 0, 0.2432986275906592, 0.07353115388129292, 0.0735439782120025
10, 20, 6, 0, 1.853280594622216, 0.1863413506679736, 0.1863728756108294
20, -20, 6, 0, 2.521350910161641, 0.1895493595004773, 0.1895649139117144
20, -10, 6, 0, 0.331344683002633, 0.1159736420559761, 0.1159742343758029
20, 0, 6, 0, -0.6556727537209997, 0.1088793556691009, 0.1088805792151976
20, 10, 6, 0, -0.4424456222834129, 0.1682680640788958, 0.1682875794574255
20, 20, 6, 0, 0.9737467013457466, 0.294156906158185, 0.2941913084369204
-20, -20, 8, 0, 0.1370356552796243, 0.2952616298707409, 0.2952962016287237
-20, -10, 8, 0, -0.5105260856523041, 0.1673221503132244, 0.1673407381575688
-20, 0, 8, 0, -0.4065750653020724, 0.1078197213357101, 0.1078202019086254
-20, 10, 8, 0, 0.4469336865238445, 0.1167324682182688, 0.1167336446473281
-20, 20, 8, 0, 2.052925240772119, 0.1940646307125487, 0.1940854078431544
-10, -20, 8, 0, 0.9215443522684678, 0.1890949215602943, 0.1891277016030206
-10, -10, 8, 0, 0.03424293041555231, 0.07380717253136419, 0.07382041780040118
-10, 0, 8, 0, -0.1016228307894993, 0.02695488469304644, 0.02695491470933692
-10, 10, 8, 0, 0.5127569545051103, 0.04851285465809253, 0.04851596133306886
-10, 20, 8, 0, 1.87950398378054, 0.1384963244138485, 0.1385217460464756
0, -20, 8, 0, 1.502375217608865, 0.1368397783091993, 0.1368693188985509
0, -10, 8, 0, 0.3752784096876374, 0.03420415901424871, 0.03421145151332787
0, 0, 8, 0, 0, 0, 0
0, 10, 8, 0, 0.3752784096876374, 0.03420415901424871, 0.03421145151332787
0, 20, 8, 0, 1.502375217608865, 0.1368397783091993, 0.1368693188985509
10, -20, 8, 0, 1.87950398378054, 0.1384963244138485, 0.1385217460464756
10, -10, 8, 0, 0.5127569545051103, 0.04851285465809253, 0.04851596133306886
10, 0, 8, 0, -0.1016228307894993, 0.02695488469304644, 0.02695491470933692
10, 10, 8, 0, 0.03424293041555231, 0.07380717253136419, 0.07382041780040118
10, 20, 8, 0, 0.9215443522684678, 0.1890949215602943, 0.1891277016030206
20, -20, 8, 0, 2.052925240772119, 0.1940646307125487, 0.1940854078431544
20, -10, 8, 0, 0.4469336865238445, 0.1167324682182688, 0.1167336446473281
20, 0, 8, 0, -0.4065750653020724, 0.1078197213357101, 0.1078202019086254
20, 10, 8, 0, -0.5105260856523041, 0.1673221503132244, 0.1673407381575688
20, 20, 8, 0, 0.1370356552796243, 0.2952616298707409, 0.2952962016287237
-20, -20, 10, 0, -0.9799934167954162, 0.2945461477520956, 0.2945805067455942
-20, -10, 10, 0, -0.6901996760249948, 0.1662217491547245, 0.166239012684981
-20, 0, 10, 0, -0.2501384154335967, 0.1072542566432094, 0.1072544466854241
-20, 10, 10, 0, 0.3393319108213337, 0.1176189632073995, 0.1176207636564752
-20, 20, 10, 0, 1.080325803776709, 0.1973252567274287, 0.1973493082119544
-10, -20, 10, 0, -0.276936379060973, 0.1897985319965198, 0.1898315564939501
-10, -10, 10, 0, -0.2448487202432634, 0.07362843563645399, 0.07364134592593571
-10, 0, 10, 0, -0.06252647076284609, 0.0268135460864789, 0.02681355795950106
-10, 10, 10, 0, 0.2698229894953071, 0.04932726487150878, 0.04933129233661685
-10, 20, 10, 0, 0.7532385014261037, 0.1411880215387762, 0.1412156017620281
0, -20, 10, 0, 0.3008144291140345, 0.1386791302224207, 0.1387097929610791
0, -10, 10, 0, 0.07514309465201061, 0.03466362328632915, 0.03467166843333203
0, 0, 10, 0, 0, 0, 0
0, 10, 10, 0, 0.07514309465201061, 0.03466362328632915, 0.03467166843333203
0, 20, 10, 0, 0.3008144291140345, 0.1386791302224207, 0.1387097929610791
10, -20, 10, 0, 0.7532385014261037, 0.1411880215387762, 0.1412156017620281
10, -10, 10, 0, 0.2698229894953071, 0.04932726487150878, 0.04933129233661685
10, 0, 10, 0, -0.06252647076284609, 0.0268135460864789, 0.02681355795950106
10, 10, 10, 0, -0.2448487202432634, 0.07362843563645399, 0.07364134592593571
10, 20, 10, 0, -0.276936379060973, 0.1897985319965198, 0.1898315564939501
20, -20, 10, 0, 1.080325803776709, 0.1973252567274287, 0.1973493082119544
20, -10, 10, 0, 0.3393319108213337, 0.1176189632073995, 0.1176207636564752
20, 0, 10, 0, -0.2501384154335967, 0.1072542566432094, 0.1072544466854241
20, 10, 10, 0, -0.6901996760249948, 0.1662217491547245, 0.166239012684981
20, 20, 10, 0, -0.9799934167954162, 0.2945461477520956, 0.2945805067455942
-20, -20, 12, 0, -2.085861024526166, 0.2915121907884619, 0.2915457028687846
-20, -10, 12, 0, -0.889162589900255, 0.1646731638055636, 0.1646884795934364
-20, 0, 12, 0, -0.1555978626224354, 0.1068466575514859, 0.1068467354344088
-20, 10, 12, 0, 0.1151343218061536, 0.1180074653786262, 0.118009644078559
-20, 20, 12, 0, -0.07611625143804961, 0.1981678793178058, 0.1981928560346067
-10, -20, 12, 0, -1.466499383580745, 0.1880400011188108, 0.1880722117124034
-10, -10, 12, 0, -0.5211280288678735, 0.07287043973949289, 0.07288211984995309
-10, 0, 12, 0, -0.03889626601055893, 0.02671165694536604, 0.02671166181187289
-10, 10, 12, 0, -0.0190137406700833, 0.04953769456427391, 0.04954201473165776
-10, 20, 12, 0, -0.4616158664215856, 0.1413678069710891, 0.1413955875415056
0, -20, 12, 0, -0.9250797146910015, 0.1379918585039817, 0.1380221068163944
0, -10, 12, 0, -0.2310794669668192, 0.03449195314592388, 0.03449970906733271
0, 0, 12, 0, 0, 0, 0
0, 10, 12, 0, -0.2310794669668192, 0.03449195314592388, 0.03449970906733271
0, 20, 12, 0, -0.9250797146910015, 0.1379918585039817, 0.1380221068163944
10, -20, 12, 0, -0.4616158664215856, 0.1413678069710891, 0.1413955875415056
10, -10, 12, 0, -0.0190137406700833, 0.04953769456427391, 0.04954201473165776
10, 0, 12, 0, -0.03889626601055893, 0.02671165694536604, 0.02671166181187289
10, 10, 12, 0, -0.5211280288678735, 0.07287043973949289, 0.07288211984995309
10, 20, 12, 0, -1.466499383580745, 0.1880400011188108, 0.1880722117124034
20, -20, 12, 0, -0.07611625143804961, 0.1981678793178058, 0.1981928560346067
20, -10, 12, 0, 0.1151343218061536, 0.1180074653786262, 0.118009644078559
20, 0, 12, 0, -0.1555978626224354, 0.1068466575514859, 0.1068467354344088
20, 10, 12, 0, -0.889162589900255, 0.1646731638055636, 0.1646884795934364
20, 20, 12, 0, -2.085861024526166, 0.2915121907884619, 0.2915457028687846
-20, -20, 14, 0, -3.013450640752719, 0.2865363787737197, 0.2865679529483922
-20, -10, 14, 0, -1.055566043268371, 0.1628135680018885, 0.1628261771634911
-20, 0, 14, 0, -0.09680179965793463, 0.1066796088558919, 0.1066796413147533
-20, 10, 14, 0, -0.1357285882283181, 0.1181110054818756, 0.1181131533788714
-20, 20, 14, 0, -1.172757961197017, 0.1971205262003943, 0.1971443956204848
-10, -20, 14, 0, -2.480536037182686, 0.184171958044676, 0.1842020976846872
-10, -10, 14, 0, -0.752819412585149, 0.07162736598703233, 0.07163697045573934
-10, 0, 14, 0, -0.0241991668394069, 0.02666989912677781, 0.02666990115514788
-10, 10, 14, 0, -0.2929115680313839, 0.04927614785850823, 0.04928005073790105
-10, 20, 14, 0, -1.560182745104124, 0.1394640117458417, 0.1394902178062446
0, -20, 14, 0, -1.996110761141254, 0.1351478282771075, 0.1351761524496137
0, -10, 14, 0, -0.4985991951867997, 0.03378156532444005, 0.033788110288145
0, 0, 14, 0, 0, 0, 0
0, 10, 14, 0, -0.4985991951867997, 0.03378156532444005, 0.033788110288145
0, 20, 14, 0, -1.996110761141254, 0.1351478282771075, 0.1351761524496137
10, -20, 14, 0, -1.560182745104124, 0.1394640117458417, 0.1394902178062446
10, -10, 14, 0, -0.2929115680313839, 0.04927614785850823, 0.04928005073790105
10, 0, 14, 0, -0.0241991668394069, 0.02666989912677781, 0.02666990115514788
10, 10, 14, 0, -0.752819412585149, 0.07162736598703233, 0.07163697045573934
10, 20, 14, 0, -2.480536037182686, 0.184171958044676, 0.1842020976846872
20, -20, 14, 0, -1.172757961197017, 0.1971205262003943, 0.1971443956204848
20, -10, 14, 0, -0.1357285882283181, 0.1181110054818756, 0.1181131533788714
20, 0, 14, 0, -0.09680179965793463, 0.1066796088558919, 0.1066796413147533
20, 10, 14, 0, -1.055566043268371, 0.1628135680018885, 0.1628261771634911
20, 20, 14, 0, -3.013450640752719, 0.2865363787737197, 0.2865679529483922
-20, -20, 16, 0, -3.524585790661315, 0.2798903520772813, 0.2799184848733328
-20, -10, 16, 0, -1.126758757577668, 0.1605734064589853, 0.1605827453077316
-20, 0, 16, 0, -0.0615748303070398, 0.1064590567352515, 0.1064590709527645
-20, 10, 16, 0, -0.3267431762000116, 0.117527596834828, 0.1175293120468927
-20, 20, 16, 0, -1.923568394638202, 0.1937899672084376, 0.1938107906658836
-10, -20, 16, 0, -3.078060302146208, 0.1785204370423311, 0.1785470051863536
-10, -10, 16, 0, -0.880441813146845, 0.06996712193326606, 0.06997410371351558
-10, 0, 16, 0, -0.01539317452721895, 0.0266147628278208, 0.02661476371632761
-10, 10, 16, 0, -0.480439903127969, 0.04844426555085689, 0.04844721207186738
-10, 20, 16, 0, -2.277548092788814, 0.1354702348646285, 0.1354931101801536
0, -20, 16, 0, -2.662379760925087, 0.1303803944090534, 0.1304051976332327
0, -10, 16, 0, -0.665000926257848, 0.03259075137486082, 0.03259550219723185
0, 0, 16, 0, 0, 0, 0
0, 10, 16, 0, -0.665000926257848, 0.03259075137486082, 0.03259550219723185
0, 20, 16, 0, -2.662379760925087, 0.1303803944090534, 0.1304051976332327
10, -20, 16, 0, -2.277548092788814, 0.1354702348646285, 0.1354931101801536
10, -10, 16, 0, -0.480439903127969, 0.04844426555085689, 0.04844721207186738
10, 0, 16, 0, -0.01539317452721895, 0.0266147628278208, 0.02661476371632761
10, 10, 16, 0, -0.880441813146845, 0.06996712193326606, 0.06997410371351558
10, 20, 16, 0, -3.078060302146208, 0.1785204370423311, 0.1785470051863536
20, -20, 16, 0, -1.923568394638202, 0.1937899672084376, 0.1938107906658836
20, -10, 16, 0, -0.3267431762000116, 0.117527596834828, 0.1175293120468927
20, 0, 16, 0, -0.0615748303070398, 0.1064590567352515, 0.1064590709527645
20, 10, 16, 0, -1.126758757577668, 0.1605734064589853, 0.1605827453077316
20, 20, 16, 0, -3.524585790661315, 0.2798903520772813, 0.2799184848733328
-20, -20, 18, 0, -3.503526129194376, 0.2727594515100517, 0.2727826493024437
-20, -10, 18, 0, -1.069907264012444, 0.158252061230609, 0.158258123914049
-20, 0, 18, 0, -0.03995834989645538, 0.1062262793779739, 0.1062262858685363
-20, 10, 18, 0, -0.4110174723546288, 0.1166673952946649, 0.1166685267618689
-20, 20, 18, 0, -2.184718478359507, 0.1895833489142654, 0.1895996186269355
-10, -20, 18, 0, -3.14379370222924, 0.1722953383851208, 0.1723169261322498
-10, -10, 18, 0, -0.875124172292535, 0.06818586752946031, 0.06819026201140328
-10, 0, 18, 0, -0.009989355417569276, 0.02655656922236833, 0.02655656962800214
-10, 10, 18, 0, -0.5456861385356843, 0.0473935701440029, 0.0473954513838666
-10, 20, 18, 0, -2.48438746845429, 0.13070728306017, 0.1307253830361003
0, -20, 18, 0, -2.804079990532053, 0.1249446140074854, 0.1249644947979872
0, -10, 18, 0, -0.7003843757507549, 0.03123304800051706, 0.03123600649340395
0, 0, 18, 0, 0, 0, 0
0, 10, 18, 0, -0.7003843757507549, 0.03123304800051706, 0.03123600649340395
0, 20, 18, 0, -2.804079990532053, 0.1249446140074854, 0.1249644947979872
10, -20, 18, 0, -2.48438746845429, 0.13070728306017, 0.1307253830361003
10, -10, 18, 0, -0.5456861385356843, 0.0473935701440029, 0.0473954513838666
10, 0, 18, 0, -0.009989355417569276, 0.02655656922236833, 0.02655656962800214
10, 10, 18, 0, -0.875124172292535, 0.06818586752946031, 0.06819026201140328
10, 20, 18, 0, -3.14379370222924, 0.1722953383851208, 0.1723169261322498
20, -20, 18, 0, -2.184718478359507, 0.1895833489142654, 0.1895996186269355
20, -10, 18, 0, -0.4110174723546288, 0.1166673952946649, 0.1166685267618689
20, 0, 18, 0, -0.03995834989645538, 0.1062262793779739, 0.1062262858685363
20, 10, 18, 0, -1.069907264012444, 0.158252061230609, 0.158258123914049
20, 20, 18, 0, -3.503526129194376, 0.2727594515100517, 0.2727826493024437
-20, -20, 20, 0, -3.010818779711141, 0.2660561017454053, 0.2660732073852531
-20, -10, 20, 0, -0.8984304427368491, 0.1562072751672326, 0.1562106025883623
-20, 0, 20, 0, -0.02610929098578705, 0.1061464170869335, 0.1061464201057775
-20, 10, 20, 0, -0.3914311037556208, 0.1158640158412847, 0.1158646324650271
-20, 20, 20, 0, -1.995824705979135, 0.1853648842999695, 0.1853759017914612
-10, -20, 20, 0, -2.737440569540547, 0.1662732172861618, 0.166288810129834
-10, -10, 20, 0, -0.7520416117972022, 0.06651148131958787, 0.06651381931844182
-10, 0, 20, 0, -0.00652721992032027, 0.02653660397485875, 0.02653660416352814
-10, 10, 20, 0, -0.4985486726035935, 0.04633987286020653, 0.04634088411418676
-10, 20, 20, 0, -2.22994200868053, 0.1259276090108149, 0.1259401437722529
0, -20, 20, 0, -2.477147765761462, 0.1195637197109675, 0.1195777838920244
0, -10, 20, 0, -0.6187497307185627, 0.02988902107196974, 0.02989059257589911
0, 0, 20, 0, 0, 0, 0
0, 10, 20, 0, -0.6187497307185627, 0.02988902107196974, 0.02989059257589911
0, 20, 20, 0, -2.477147765761462, 0.1195637197109675, 0.1195777838920244
10, -20, 20, 0, -2.22994200868053, 0.1259276090108149, 0.1259401437722529
10, -10, 20, 0, -0.4985486726035935, 0.04633987286020653, 0.04634088411418676
10, 0, 20, 0, -0.00652721992032027, 0.02653660397485875, 0.02653660416352814
10, 10, 20, 0, -0.7520416117972022, 0.06651148131958787, 0.06651381931844182
10, 20, 20, 0, -2.737440569540547, 0.1662732172861618, 0.166288810129834
20, -20, 20, 0, -1.995824705979135, 0.1853648842999695, 0.1853759017914612
20, -10, 20, 0, -0.3914311037556208, 0.1158640158412847, 0.1158646324650271
20, 0, 20, 0, -0.02610929098578705, 0.1061464170869335, 0.1061464201057775
20, 10, 20, 0, -0.8984304427368491, 0.1562072751672326, 0.1562106025883623
20, 20, 20, 0, -3.010818779711141, 0.2660561017454053, 0.2660732073852531
-20, -20, 22, 0, -2.279363500070029, 0.2607631868796237, 0.260774270412607
-20, -10, 22, 0, -0.6746019143378591, 0.1546606603052668, 0.1546622367437878
-20, 0, 22, 0, -0.0175992338240624, 0.1061372851606776, 0.1061372866412099
-20, 10, 22, 0, -0.3066033228395408, 0.1151877724151362, 0.1151880557972829
-20, 20, 22, 0, -1.5425526262569, 0.181814544866105, 0.1818208708947485
-10, -20, 22, 0, -2.081923076672902, 0.1614228817285168, 0.1614327200222821
-10, -10, 22, 0, -0.569372920935727, 0.0651893949172918, 0.06519048860121131
-10, 0, 22, 0, -0.004399760209803978, 0.02653432114807234, 0.02653432124060277
-10, 10, 22, 0, -0.3853774351349748, 0.04545296129214846, 0.04545342941856479
-10, 20, 22, 0, -1.713516852948753, 0.1219485633373439, 0.1219560144125522
0, -20, 22, 0, -1.893307257024634, 0.1151513412660662, 0.1151599659855969
0, -10, 22, 0, -0.4729660920024872, 0.02878683208630792, 0.02878756369771193
0, 0, 22, 0, 0, 0, 0
0, 10, 22, 0, -0.4729660920024872, 0.02878683208630792, 0.02878756369771193
0, 20, 22, 0, -1.893307257024634, 0.1151513412660662, 0.1151599659855969
10, -20, 22, 0, -1.713516852948753, 0.1219485633373439, 0.1219560144125522
10, -10, 22, 0, -0.3853774351349748, 0.04545296129214846, 0.04545342941856479
10, 0, 22, 0, -0.004399760209803978, 0.02653432114807234, 0.02653432124060277
10, 10, 22, 0, -0.569372920935727, 0.0651893949172918, 0.06519048860121131
10, 20, 22, 0, -2.081923076672902, 0.1614228817285168, 0.1614327200222821
20, -20, 22, 0, -1.5425526262569, 0.181814544866105, 0.1818208708947485
20, -10, 22, 0, -0.3066033228395408, 0.1151877724151362, 0.1151880557972829
20, 0, 22, 0, -0.0175992338240624, 0.1061372851606776, 0.1061372866412099
20, 10, 22, 0, -0.6746019143378591, 0.1546606603052668, 0.1546622367437878
20, 20, 22, 0, -2.279363500070029, 0.2607631868796237, 0.260774270412607
-20, -20, 24, 0, -1.567835195214918, 0.2569356303510201, 0.2569418754008784
-20, -10, 24, 0, -0.4644464493946877, 0.1535287512449634, 0.1535294401027766
-20, 0, 24, 0, -0.01211716008492571, 0.1061019312164183, 0.1061019319747876
-20, 10, 24, 0, -0.2098370651611048, 0.1146526151167165, 0.1146527296042775
-20, 20, 24, 0, -1.058077800822147, 0.1791818349552644, 0.1791848472643448
-10, -20, 24, 0, -1.431278180252825, 0.1579206188805052, 0.1579259647286091
-10, -10, 24, 0, -0.3916920085711586, 0.06423323186674, 0.06423370300023899
-10, 0, 24, 0, -0.003029266599013778, 0.02652548273080105, 0.02652548277819809
-10, 10, 24, 0, -0.2643891522284245, 0.04479516866593562, 0.04479536279112746
-10, 20, 24, 0, -1.176399125124832, 0.1190437251917232, 0.1190474476261562
0, -20, 24, 0, -1.300799348932938, 0.1119566517074526, 0.1119611543225241
0, -10, 24, 0, -0.3250068872179645, 0.02798870600215906, 0.02798901580870541
0, 0, 24, 0, 0, 0, 0
0, 10, 24, 0, -0.3250068872179645, 0.02798870600215906, 0.02798901580870541
0, 20, 24, 0, -1.300799348932938, 0.1119566517074526, 0.1119611543225241
10, -20, 24, 0, -1.176399125124832, 0.1190437251917232, 0.1190474476261562
10, -10, 24, 0, -0.2643891522284245, 0.04479516866593562, 0.04479536279112746
10, 0, 24, 0, -0.003029266599013778, 0.02652548273080105, 0.02652548277819809
10, 10, 24, 0, -0.3916920085711586, 0.06423323186674, 0.06423370300023899
10, 20, 24, 0, -1.431278180252825, 0.1579206188805052, 0.1579259647286091
20, -20, 24, 0, -1.058077800822147, 0.1791818349552644, 0.1791848472643448
20, -10, 24, 0, -0.2098370651611048, 0.1146526151167165, 0.1146527296042775
20, 0, 24, 0, -0.01211716008492571, 0.1061019312164183, 0.1061019319747876
20, 10, 24, 0, -0.4644464493946877, 0.1535287512449634, 0.1535294401027766
20, 20, 24, 0, -1.567835195214918, 0.2569356303510201, 0.2569418754008784
-20, -20, 26, 0, -1.019478412709779, 0.2543590436602288, 0.2543620323931803
-20, -10, 26, 0, -0.3038580923138155, 0.1527433716036974, 0.1527436601583144
-20, 0, 26, 0, -0.008441123234729418, 0.1060541135042993, 0.1060541139003291
-20, 10, 26, 0, -0.1327433413635982, 0.1142901696107947, 0.1142902121525329
-20, 20, 26, 0, -0.6769606555396294, 0.1774519353788585, 0.1774531385730961
-10, -20, 26, 0, -0.9274970336057402, 0.155591617082789, 0.1555940648763814
-10, -10, 26, 0, -0.2547420161865331, 0.06358946925195781, 0.06358966242910676
-10, 0, 26, 0, -0.002110269046562091, 0.02651352833375963, 0.02651352835851108
-10, 10, 26, 0, -0.1691855173730875, 0.04436287023818838, 0.04436294535242762
-10, 20, 26, 0, -0.7562385203088827, 0.1171380671360731, 0.1171396209631504
0, -20, 26, 0, -0.8397504832706182, 0.1098512929022974, 0.1098532617238897
0, -10, 26, 0, -0.2098514650775483, 0.027462636108769, 0.02746275988655586
0, 0, 26, 0, 0, 0, 0
0, 10, 26, 0, -0.2098514650775483, 0.027462636108769, 0.02746275988655586
0, 20, 26, 0, -0.8397504832706182, 0.1098512929022974, 0.1098532617238897
10, -20, 26, 0, -0.7562385203088827, 0.1171380671360731, 0.1171396209631504
10, -10, 26, 0, -0.1691855173730875, 0.04436287023818838, 0.04436294535242762
10, 0, 26, 0, -0.002110269046562091, 0.02651352833375963, 0.02651352835851108
10, 10, 26, 0, -0.2547420161865331, 0.06358946925195781, 0.06358966242910676
10, 20, 26, 0, -0.9274970336057402, 0.155591617082789, 0.1555940648763814
20, -20, 26, 0, -0.6769606555396294, 0.1774519353788585, 0.1774531385730961
20, -10, 26, 0, -0.1327433413635982, 0.1142901696107947, 0.1142902121525329
20, 0, 26, 0, -0.008441123234729418, 0.1060541135042993, 0.1060541139003291
20, 10, 26, 0, -0.3038580923138155, 0.1527433716036974, 0.1527436601583144
20, 20, 26, 0, -1.019478412709779, 0.2543590436602288, 0.2543620323931803
-20, -20, 28, 0, -0.6419369886317217, 0.2526552953312896, 0.2526565352287713
-20, -10, 28, 0, -0.1933071559741207, 0.1521967729511563, 0.1521968918838702
-20, 0, 28, 0, -0.005971143734581624, 0.1059855394172581, 0.1059855396292971
-20, 10, 28, 0, -0.07972879150024445, 0.1140211546244212, 0.1140211695370654
-20, 20, 28, 0, -0.414653286290671, 0.1763037588741952, 0.1763042048464506
-10, -20, 28, 0, -0.5806262529511828, 0.1540782270896441, 0.1540792096504356
-10, -10, 28, 0, -0.1604312295680684, 0.0631637059977198, 0.06316378342891903
-10, 0, 28, 0, -0.001492779830535343, 0.02649638483168362, 0.0264963848449359
-10, 10, 28, 0, -0.1036424729267244, 0.04407589758868182, 0.04407592544318451
-10, 20, 28, 0, -0.4669852351648753, 0.1159024607765724, 0.1159030511144801
0, -20, 28, 0, -0.522309282565833, 0.1084939498478692, 0.1084947174760389
0, -10, 28, 0, -0.1305431533607531, 0.02712341460456443, 0.02712346254066536
0, 0, 28, 0, 0, 0, 0
0, 10, 28, 0, -0.1305431533607531, 0.02712341460456443, 0.02712346254066536
0, 20, 28, 0, -0.522309282565833, 0.1084939498478692, 0.1084947174760389
10, -20, 28, 0, -0.4669852351648753, 0.1159024607765724, 0.1159030511144801
10, -10, 28, 0, -0.1036424729267244, 0.04407589758868182, 0.04407592544318451
10, 0, 28, 0, -0.001492779830535343, 0.02649638483168362, 0.0264963848449359
10, 10, 28, 0, -0.1604312295680684, 0.0631637059977198, 0.06316378342891903
10, 20, 28, 0, -0.5806262529511828, 0.1540782270896441, 0.1540792096504356
20, -20, 28, 0, -0.414653286290671, 0.1763037588741952, 0.1763042048464506
20, -10, 28, 0, -0.07972879150024445, 0.1140211546244212, 0.1140211695370654
20, 0, 28, 0, -0.005971143734581624, 0.1059855394172581, 0.1059855396292971
20, 10, 28, 0, -0.1933071559741207, 0.1521967729511563, 0.1521968918838702
20, 20, 28, 0, -0.6419369886317217, 0.2526552953312896, 0.2526565352287713
-20, -20, 30, 0, -0.4020939425569004, 0.2517823940402149, 0.2517829023388664
-20, -10, 30, 0, -0.1226456500532247, 0.1520013087301469, 0.1520013590586242
-20, 0, 30, 0, -0.004298156175322491, 0.10607952325277, 0.1060795233702108
-20, 10, 30, 0, -0.046972094639499, 0.1140168571410439, 0.1140168623524057
-20, 20, 30, 0, -0.2506937309047184, 0.1758133600336373, 0.1758135269239462
-10, -20, 30, 0, -0.3610150585623475, 0.1532304786301651, 0.1532308739072143
-10, -10, 30, 0, -0.1005022879818717, 0.06294554955404964, 0.06294558130253505
-10, 0, 30, 0, -0.001074535803548673, 0.02651988080106252, 0.02651988080840251
-10, 10, 30, 0, -0.06266571865733606, 0.04395332420552586, 0.04395333463209265
-10, 20, 30, 0, -0.2853153718336408, 0.1152459629310135, 0.1152461899828239
0, -20, 30, 0, -0.3220890123871578, 0.1077183353742386, 0.1077186377582746
0, -10, 30, 0, -0.0805090510967678, 0.02692955491753088, 0.02692957380701528
0, 0, 30, 0, 0, 0, 0
0, 10, 30, 0, -0.0805090510967678, 0.02692955491753088, 0.02692957380701528
0, 20, 30, 0, -0.3220890123871578, 0.1077183353742386, 0.1077186377582746
10, -20, 30, 0, -0.2853153718336408, 0.1152459629310135, 0.1152461899828239
10, -10, 30, 0, -0.06266571865733606, 0.04395332420552586, 0.04395333463209265
10, 0, 30, 0, -0.001074535803548673, 0.02651988080106252, 0.02651988080840251
10, 10, 30, 0, -0.1005022879818717, 0.06294554955404964, 0.06294558130253505
10, 20, 30, 0, -0.3610150585623475, 0.1532304786301651, 0.1532308739072143
20, -20, 30, 0, -0.2506937309047184, 0.1758133600336373, 0.1758135269239462
20, -10, 30, 0, -0.046972094639499, 0.1140168571410439, 0.1140168623524057
20, 0, 30, 0, -0.004298156175322491, 0.10607952325277, 0.1060795233702108
20, 10, 30, 0, -0.1226456500532247, 0.1520013087301469, 0.1520013590586242
20, 20, 30, 0, -0.4020939425569004, 0.2517823940402149, 0.2517829023388664
